"id","firstName","middleName","lastName","googleUserId","providerId","username","email","password","isActive","isArchived","createdAt","updatedAt","phone","companyName","country","isPhoneVerified","isEmailVerified"
fcf472bb-5d5e-4a79-a5ef-fd09439554b0,Loyal,,Casper,"4vtxrEtjhbcdOVnzGDu4h4ilGFe2",email,Easter.Kiehn@yahoo.com,Easter.Kiehn@yahoo.com,"$argon2i$v=19$m=4096,t=3,p=1$VmDrQ3cq7KoS8FwKz2NjaA$BAm38eHpFQE/PZJUMZXZv1Ac8N1N3wJ+criRcenr4Ok",true,false,"2022-05-18 00:23:54.388038+05:30","2022-05-18 00:23:54.388038+05:30",,,US,false,false
a864a583-e3b9-4c33-bb17-8f3a39f502b6,Giovanny,,Kub,hMoSm3tOvEN5nRC7sFHxqp9LzSA3,email,Phoebe40@hotmail.com,Phoebe40@hotmail.com,"$argon2i$v=19$m=4096,t=3,p=1$jASt1Aepsbcd9wsOfN9UTQ$7zd4Zj03xSzZt144T6+hnHLVx8jvzIKXlMX11iZpLag",true,false,"2022-05-18 00:23:54.388038+05:30","2022-05-18 00:23:54.388038+05:30",,,US,false,false
f23cacbe-3c2c-4ea5-8084-09e975849bd9,Abe,,Schmeler,F8tPDCLTJJhpbuwSnZjEX410AHt2,email,Nathaniel94@yahoo.com,Nathaniel94@yahoo.com,"$argon2i$v=19$m=4096,t=3,p=1$0L1HX9OaOrPb0XtlGoBehA$SBVo4rNGTbjMDj8nLU+WNBPWo04zwQN6vVJMeDcxTvg",true,false,"2022-05-18 00:23:54.388038+05:30","2022-05-18 00:23:54.388038+05:30",,,US,false,false
d4c12b09-74f7-4837-b1d2-069def3c9d03,Lazaro,,Jast,IC422X3y36bP5k0XvcdYGk5W7mo2,email,Abby.Mitchell71@hotmail.com,Abby.Mitchell71@hotmail.com,"$argon2i$v=19$m=4096,t=3,p=1$pJsR9y5r1OpjWYdBR8dchw$EdmkzPG0aJ5bg7J37/MjJL6+r6/WqikEztpMBHSLqew",true,false,"2022-05-18 00:23:54.388038+05:30","2022-05-18 00:23:54.388038+05:30",,,US,false,false
"0de98368-7fae-479a-a3f4-1ef136992b6f",Missouri,,Dickens,g8DkEDq6WsWsQEjPGCnuWzlpiJR2,email,Jayden44@hotmail.com,Jayden44@hotmail.com,"$argon2i$v=19$m=4096,t=3,p=1$Pr/MqzBxv/BsxI11RjwZBg$3JqWur3uRkxqmTFtYD/H737BuFtGeQVNuBqZKnPeREU",true,false,"2022-05-18 00:23:54.388038+05:30","2022-05-18 00:23:54.388038+05:30",,,US,false,false
bff7b40f-a77e-4928-850e-dd19be86909f,Taurean,,Reilly,NouLVThIf9VUr81XRfOfBJxLPyR2,email,Helga.Maggio@yahoo.com,Helga.Maggio@yahoo.com,"$argon2i$v=19$m=4096,t=3,p=1$aADzffeHjDHzOK6PkgWOUA$wW/0As2Ah1c2zomRPcX8XK+dVtsBT1t24VK9tYoI+Xk",true,false,"2022-05-18 00:23:54.388038+05:30","2022-05-18 00:23:54.388038+05:30",,,US,false,false
"066f9892-b704-41e6-9cad-f5131e9108f6",Keira,,Wunsch,siYxQl1ctoekosyAWtbGcrepiyB2,email,Deondre_Anderson2@yahoo.com,Deondre_Anderson2@yahoo.com,"$argon2i$v=19$m=4096,t=3,p=1$9IfSsqsV25KO7PsrJ/kkwA$HIeuK3Gv3abo3NJ+7Kfi7aJyaPFpN/j6tNmueQRsEqA",true,false,"2022-05-18 00:23:54.388038+05:30","2022-05-18 00:23:54.388038+05:30",,,US,false,false
"1a472709-8d03-448f-9527-fa491dbae250",Michale,,Grady,tKHO262us6UHINDQu2yNHKJBfJn2,email,Colton93@yahoo.com,Colton93@yahoo.com,"$argon2i$v=19$m=4096,t=3,p=1$O413kTRHAyUE1FD6Nipv+Q$svzvYg9Zqrhclp/xWx6LhjU0zKNiF0CUczCrSQGw2ck",true,false,"2022-05-18 00:23:54.388038+05:30","2022-05-18 00:23:54.388038+05:30",,,US,false,false
cb8df1dc-eae2-4bef-a667-227b13ef0a1d,Otilia,,Reynolds,CCDLQNAFHuaWYfm2Rl66u97Gjlf1,email,Lottie3@yahoo.com,Lottie3@yahoo.com,"$argon2i$v=19$m=4096,t=3,p=1$m084lZ6aS83BTuq9nJrdBA$8sGr8dHP5nWCC1tg7LS2MD+uFG7MYkOgXgm9oF7JSeQ",true,false,"2022-05-18 00:23:54.388038+05:30","2022-05-18 00:23:54.388038+05:30",,,US,false,false
"01eae6b3-842a-4811-b6b4-48bcce77d04c",Jettie,,Goldner,Kp0u1HSmbqhMco2oDbtCGlUbIrO2,email,Wendell.Armstrong50@yahoo.com,Wendell.Armstrong50@yahoo.com,"$argon2i$v=19$m=4096,t=3,p=1$fi/lGBp7wDvale1Nt5xGwA$SpBlYg/FHGnZr6HdpaYxrk+arsF2cJ8SiGjpGT9TWxQ",true,false,"2022-05-20 02:28:27.625099+05:30","2022-05-20 02:28:27.625099+05:30",,,US,false,false
ac53e4e3-4dd4-47a1-a273-8add72faf473,Danyka,,Leffler,"11VyHRYxvLNaw3x2g8rDeqKEvrO2",email,Julius.Okuneva56@gmail.com,Julius.Okuneva56@gmail.com,"$argon2i$v=19$m=4096,t=3,p=1$mV4No8Vwx95x705PrRgoPQ$q5zds1WqeW/Z0aFzKT8QwdhLTZd41UxifUs4orxqxq4",true,false,"2022-05-20 02:28:27.625099+05:30","2022-05-20 02:28:27.625099+05:30",,,US,false,false
"39e34199-852c-4e86-a244-6a90bb39aa85",Trever,,Orn,cKe6ozulWTfCWwUkg3MnKymUxw53,email,Larissa_Davis@hotmail.com,Larissa_Davis@hotmail.com,"$argon2i$v=19$m=4096,t=3,p=1$axtVFwf6OYIMaxXToj0Wng$lcUxV1MmwIQGqfzpIJp9zYubUOGYLVNAsshnGFVhSXU",true,false,"2022-05-20 02:28:27.625099+05:30","2022-05-20 02:28:27.625099+05:30",,,US,false,false
"7e8b178c-f89b-42ab-b481-2211485fceae",Adolphus,,Nolan,viYnNWnp8xNl5qUV4EIfwet4Lgq2,email,Beryl_Bergnaum@gmail.com,Beryl_Bergnaum@gmail.com,"$argon2i$v=19$m=4096,t=3,p=1$0DeKAJW3auzM41Txus3K1A$smu5u5K5j15F6FFui0rRQBfeJWyix55QvQPuxzjlD1c",true,false,"2022-05-20 02:28:27.625099+05:30","2022-05-20 02:28:27.625099+05:30",,,US,false,false
"5f4b7b0c-787b-463e-9eb3-d534b58b2da4",Bonnie,,Treutel,AFc0CNEMhRTvIpui9g3lx2bCzkn2,email,Chance76@yahoo.com,Chance76@yahoo.com,"$argon2i$v=19$m=4096,t=3,p=1$gvZ0UoQSYRMXWtTHIY7dRw$TdC7n5axvMvFhgutWrei2uXk0g9oHccFoC2p+sXQwdw",true,false,"2022-05-20 02:28:27.625099+05:30","2022-05-20 02:28:27.625099+05:30",,,US,false,false
"70942d48-f785-47f1-8a4e-35e689afef23",Roy,,Torp,zrc5xhk11bM68Ktdy33zUmSM2Bj2,email,Melba.Schmitt67@gmail.com,Melba.Schmitt67@gmail.com,"$argon2i$v=19$m=4096,t=3,p=1$zt/mOT3t/K9bQx5s1TdYQQ$yKBGyHYwCrhMUJ9IzAAGOYAyW2aG0cBmZMSJv2bHm48",true,false,"2022-05-20 02:28:27.625099+05:30","2022-05-20 02:28:27.625099+05:30",,,US,false,false
"0579aeca-b8b0-466f-ae19-bbd87e4dfa6c",Gaston,,Lindgren,"6rV7fWO6SqYs1eeEROpEJHDMqWB3",email,Lorna.Gerlach56@hotmail.com,Lorna.Gerlach56@hotmail.com,"$argon2i$v=19$m=4096,t=3,p=1$NlxTL0osv1v6VtCyfIi+6w$vMkdFqql26JNCGcE3/WCYG5tdTh4s1RMgjyCUuVKo0g",true,false,"2022-05-20 02:28:27.625099+05:30","2022-05-20 02:28:27.625099+05:30",,,US,false,false
ec1cc418-d03f-4231-8844-3e88b7bf8133,Esther,,Russel,yYtrlnQ6y1SW8upn135u1iPLLLy2,email,Pauline.Feil@yahoo.com,Pauline.Feil@yahoo.com,"$argon2i$v=19$m=4096,t=3,p=1$/ETyoL/ZTL5EluxvKm8n7A$4qmujao/PNgjVsa0FiX8j0MrEihQ+p4GByFZfirpQt4",true,false,"2022-05-20 02:28:27.625099+05:30","2022-05-20 02:28:27.625099+05:30",,,US,false,false
"874d7d63-1a9d-4814-b364-8a78b12cc777",Matilda,,Rau,YjbuxiMZD1VruGot0jmvfAWDttj2,email,Mervin.Hermiston23@gmail.com,Mervin.Hermiston23@gmail.com,"$argon2i$v=19$m=4096,t=3,p=1$QaNWaY1OPccv+34L6xpSiw$zLsHyNJOrHev0a17qz0+s9pJyOtmLQaMBlnAsJdBBSs",true,false,"2022-05-20 02:28:27.625099+05:30","2022-05-20 02:28:27.625099+05:30",,,US,false,false
"27cd9cc2-5e4c-497b-b15d-bbf95637a5a2",Alisa,,Kessler,y1EN9uC2CVTSBHk5D8Utl3aPbGZ2,email,Blanca_Rippin72@hotmail.com,Blanca_Rippin72@hotmail.com,"$argon2i$v=19$m=4096,t=3,p=1$HzDuRWY9kB3ve/DPVZQ+7A$rkHfDjWpx/tNGtxT9aFKuhdZ0+eTNXZJlKtjIi9URHI",true,false,"2022-05-20 02:28:27.625099+05:30","2022-05-20 02:28:27.625099+05:30",,,US,false,false
"072b9fe1-9f55-42c8-9bc2-0a05999b75b1",Hattie,,Borer,nb43Wu9NLjdPpLfuVkOpRX19QJY2,email,Reed_Dach@yahoo.com,Reed_Dach@yahoo.com,"$argon2i$v=19$m=4096,t=3,p=1$obnsUHZO63aFD7VwXPHbwQ$1R9uG0yWqMa8WCQZfKUsztps61wzJdmbLfCw2iRPvrM",true,false,"2022-05-20 20:51:15.587319+05:30","2022-05-20 20:51:15.587319+05:30",,,US,false,false
"87803836-cb58-424c-bbe9-11cf9dec41de",Isabell,,Lebsack,WNKSILjXyXcOQ1LN5lt6sPN0zOz1,email,Verdie.Greenholt93@yahoo.com,Verdie.Greenholt93@yahoo.com,"$argon2i$v=19$m=4096,t=3,p=1$SapdrhDTLmF2+QxDsCQ03w$DrLDPReJbeFGRnDCr64vhyJF0z8+i9YBJ1WsKYhJrsA",true,false,"2022-05-20 20:51:15.587319+05:30","2022-05-20 20:51:15.587319+05:30",,,US,false,false
ad5b7acc-67c2-4068-9452-04100daf07ce,Johann,,Romaguera,nCSYXzDhuYNcp0pLUw0mTXnhqxQ2,email,Orion.Harris90@hotmail.com,Orion.Harris90@hotmail.com,"$argon2i$v=19$m=4096,t=3,p=1$Gog61gfJyieG3qe2zg5mVA$r0mjWh52MzDNOSUjhGfCfTEZYf0s8t2dCxL5+3M3k6w",true,false,"2022-05-20 20:51:15.587319+05:30","2022-05-20 20:51:15.587319+05:30",,,US,false,false
"43358b02-a0fd-4386-9e97-186a1890ce18",Everett,,Gutmann,GCQ8OIaypaSsKOd2xJ6IG52nft73,email,Elliot22@yahoo.com,Elliot22@yahoo.com,"$argon2i$v=19$m=4096,t=3,p=1$dd2f3s1gJp1ZRkklHROfjQ$NcJH5m66kfdDP1v/VWMFH/jvqVZgdO9fWnQRSqBcJy0",true,false,"2022-05-20 20:51:15.587319+05:30","2022-05-20 20:51:15.587319+05:30",,,US,false,false
"105f736b-4355-458e-9689-07ad060d88f8",Kaitlyn,,Purdy,m6Vntey7zGQG1OwxzsutQ21VHzt1,email,Ally_Pollich@yahoo.com,Ally_Pollich@yahoo.com,"$argon2i$v=19$m=4096,t=3,p=1$gDcYHwCX+go/BARJK4cvDw$oMhhrmXPZynQIVFOPA47niKQX/z+BgW+YpMJnzF9NmU",true,false,"2022-05-20 20:51:15.587319+05:30","2022-05-20 20:51:15.587319+05:30",,,US,false,false
"89c607c7-cdf7-43a5-b5f0-912e6585c8d8",Marty,,Hodkiewicz,fJzIeJ3KXGOgcjEvFfvBKA9CKxo1,email,Gabrielle.Collins@gmail.com,Gabrielle.Collins@gmail.com,"$argon2i$v=19$m=4096,t=3,p=1$u28hVpodVlqU0VcwC3b3mA$lwcqNpRTdYgIJc20lMF6GwkUwQuqXnyKtPEhBoCj84s",true,false,"2022-05-20 20:51:15.587319+05:30","2022-05-20 20:51:15.587319+05:30",,,US,false,false
"70eb818a-1b0f-418a-946c-16948dc4da56",Alisa,,Parker,zAXF5t7iqNgLovs2ci7vb3WsVwb2,email,Thelma.Thompson48@hotmail.com,Thelma.Thompson48@hotmail.com,"$argon2i$v=19$m=4096,t=3,p=1$nVnQ/3jc1G922+od3TqiqQ$wCGxWcbyWx6tXFRwLyAptSiW+oGMoieHMkciLPGR3/0",true,false,"2022-05-20 20:51:15.587319+05:30","2022-05-20 20:51:15.587319+05:30",,,US,false,false
ca2c55c8-d58f-4f76-bf39-700ed640f23f,Antonette,,Gleason,tphzcvsynZVWdfCKjnspftyhJ953,email,Einar94@hotmail.com,Einar94@hotmail.com,"$argon2i$v=19$m=4096,t=3,p=1$+ANiHi+Uqb9lhMB3Ut8x5w$XsQO/K0inO9JV1qfKc5qTeZ/4qgwMFi6D1WdsyNKl6A",true,false,"2022-05-20 20:51:15.587319+05:30","2022-05-20 20:51:15.587319+05:30",,,US,false,false
"1b540e11-d29d-49a8-aa3e-f05420988887",Jermaine,,Johnston,HaSvDdG3pjdkWaJBl3Xif9sp7Qm1,email,Reilly_Beer@hotmail.com,Reilly_Beer@hotmail.com,"$argon2i$v=19$m=4096,t=3,p=1$LWYe6T5PF4JC7LsbvVQmGA$/HswEh5AXnijKskQy9YHrXHX6QExoH+yTrXTZvTFj7c",true,false,"2022-05-20 20:51:15.587319+05:30","2022-05-20 20:51:15.587319+05:30",,,US,false,false
"16f19c3d-1454-4910-84d2-2c6198601618",Stuart,,Kertzmann,"7UVN5Yq7aQabvIIdUBOsIC9QQL92",email,Trevor_Heaney41@yahoo.com,Trevor_Heaney41@yahoo.com,"$argon2i$v=19$m=4096,t=3,p=1$wdFbbKB+I9RMzE4PuPwz9Q$ql4eOYzPG2z5uENC1+85kSO41ix6k4+ktQIjbi0l7O8",true,false,"2022-05-20 20:51:15.587319+05:30","2022-05-20 20:51:15.587319+05:30",,,US,false,false
"324e0633-b67b-4abc-b424-249474f3eb3e",Brant,,Shanahan,aMkuWR5tf4gjPQRxzWaALQ4zxet1,email,Allie_Kunde@yahoo.com,Allie_Kunde@yahoo.com,"$argon2i$v=19$m=4096,t=3,p=1$ARaoZbChNU44KPXBvmSjkg$4z9cM8+GVNkIXizNV8b85wOzM50S/mBBNYYFYGjUNtY",true,false,"2022-05-20 20:51:57.020494+05:30","2022-05-20 20:51:57.020494+05:30",,,US,false,false
"41fcd1d0-60a8-4f7a-80c2-0846f6e85471",Ella,,O'Kon,q9SeDPMY6NMMzy44Uisvaf6MsNE3,email,Adele.OKeefe57@gmail.com,Adele.OKeefe57@gmail.com,"$argon2i$v=19$m=4096,t=3,p=1$Y7HOm2YUl5l069T/VggJzA$KCC2bpSqa8TiKzTTX2UmpKGZDigaZWtDuNZ5+ydVAJk",true,false,"2022-05-20 20:51:57.020494+05:30","2022-05-20 20:51:57.020494+05:30",,,US,false,false
"0a2077b1-5de8-4533-8074-8a539444def9",Charlie,,Bartoletti,VuFPNE1zDxcoRLjSsCeXD7rdFqx1,email,Delia10@gmail.com,Delia10@gmail.com,"$argon2i$v=19$m=4096,t=3,p=1$x9faKdZyqvpHjHB6eYjOFA$5zZj9Oyc0I/+ez0CUWK9tcTzA5y0R99/foiS7Z5DQZ0",true,false,"2022-05-20 20:51:57.020494+05:30","2022-05-20 20:51:57.020494+05:30",,,US,false,false
"29cb45c4-d206-4a19-970c-3293f4067d2b",Eugene,,Batz,"2U0dt1P1A3SF1YsijgXZ2w7qYvy2",email,Foster46@yahoo.com,Foster46@yahoo.com,"$argon2i$v=19$m=4096,t=3,p=1$DXx5I7uaNbLXFQYQQWcpuQ$hqzqlKaqM9fdmwIFPtJtd4DwiTkHLz0AUuOdQvqGvDM",true,false,"2022-05-20 20:51:57.020494+05:30","2022-05-20 20:51:57.020494+05:30",,,US,false,false
"66b9a9bd-e461-46c0-9dde-5709d0a7f6cf",Bettie,,Conn,H9EMTQWZjETp3eCSXP3haAKz62I3,email,Bradford.Batz@yahoo.com,Bradford.Batz@yahoo.com,"$argon2i$v=19$m=4096,t=3,p=1$4MANlTry94FnwGIIb9QE4Q$yv/7CYPcxLoIXkM96meMLp4p1oS4hZI7AJ6RhnKfoFg",true,false,"2022-05-20 20:51:57.020494+05:30","2022-05-20 20:51:57.020494+05:30",,,US,false,false
ae301815-976e-4e75-a4d3-2517336d045a,Marietta,,Von,ggK3Y4zckjNLzwHxagzulkwN0Id2,email,Denis_Smitham3@gmail.com,Denis_Smitham3@gmail.com,"$argon2i$v=19$m=4096,t=3,p=1$YLPZo35dPkaT1P07OueLUA$0L6QzfmzO3RCwBlQvaZI2CxbInZV0Q/EO6fn0Pb4smE",true,false,"2022-05-20 20:51:57.020494+05:30","2022-05-20 20:51:57.020494+05:30",,,US,false,false
"54e43a64-1f3e-4e9a-ac90-a1210b78e759",Otho,,Olson,aKydSHxH83bLlEfNkrvvFCnZVKY2,email,Lauren.Cronin71@yahoo.com,Lauren.Cronin71@yahoo.com,"$argon2i$v=19$m=4096,t=3,p=1$hAds2mAAj4XXpLH4sRyLeQ$01Y5P2RoZWXiDLWTnJccWOdznan0MIYXPelZC6Nx7aQ",true,false,"2022-05-20 20:51:57.020494+05:30","2022-05-20 20:51:57.020494+05:30",,,US,false,false
"24f9e057-eeb7-45de-905b-da7258b4ac07",Joany,,Nader,T6qE2mL2ZePYnXltQu9854gBWJH2,email,Easter_Durgan@hotmail.com,Easter_Durgan@hotmail.com,"$argon2i$v=19$m=4096,t=3,p=1$dGZmayfmejZHgxBTwtnvAw$BWRLPtNncTQCgfgydGoXc60q1ENNdIPKPf4ANF52vWU",true,false,"2022-05-20 20:51:57.020494+05:30","2022-05-20 20:51:57.020494+05:30",,,US,false,false
"80385157-638c-4f23-af2e-759bc0511b1b",Isaac,,Conn,LhO0ySyp5RfTS68321auVbSHnga2,email,Alexa.Torp97@gmail.com,Alexa.Torp97@gmail.com,"$argon2i$v=19$m=4096,t=3,p=1$aKlxXMrn55IC4hGhNfOGyg$e8Lbow89solocTgRyhKMyAfCxTn48KuNmsaxKLdu/IY",true,false,"2022-05-20 20:51:57.020494+05:30","2022-05-20 20:51:57.020494+05:30",,,US,false,false
"598306bd-11dd-421a-8580-1321bb20c20f",Emerald,,Kiehn,aVuW5VoiD5XRh1bInI9Jft1VqZq1,email,Jamel.Cole@gmail.com,Jamel.Cole@gmail.com,"$argon2i$v=19$m=4096,t=3,p=1$wC8MQvwwQ185YgT34Q3uSw$pTCb4uXxtKrYkO7DauLbMUMcXoOaz1iSJSHiiUsQKbk",true,false,"2022-05-20 20:51:57.020494+05:30","2022-05-20 20:51:57.020494+05:30",,,US,false,false
cb6f382d-7e59-4157-b93a-0b5eccea0804,Shany,,Gottlieb,zbiIsLXp0INA9gQokRjc1lIo68l1,email,Blake.Lehner77@gmail.com,Blake.Lehner77@gmail.com,"$argon2i$v=19$m=4096,t=3,p=1$xOJEVUzZN5bo5WQO8qmXpA$t6ae8oahMMEde3oyDb7TQlwbExR3pECLm/3fL4KW2L4",true,false,"2022-05-24 23:02:47.891548+05:30","2022-05-24 23:02:47.891548+05:30",,,US,false,false
"7fba3180-601e-485d-9a3b-3e4ff52b18a2",Ethyl,,Goodwin,"8XaqWY1EGSRvAEheoLi9udHAodp2",email,Henderson.Langworth87@yahoo.com,Henderson.Langworth87@yahoo.com,"$argon2i$v=19$m=4096,t=3,p=1$7jYv3PucXk0pvoXbFSNMyQ$SNX3jNzplYsFBd3rGq+KCUH50aDThJ2NqcGsUjlZ0+A",true,false,"2022-05-24 23:02:47.891548+05:30","2022-05-24 23:02:47.891548+05:30",,,US,false,false
eaea9239-4722-4d4e-9476-41218059c002,Dasia,,Simonis,v0XV3xxpcZZnBHTgLTaIBuDI6Al2,email,Winnifred.Kuhlman22@yahoo.com,Winnifred.Kuhlman22@yahoo.com,"$argon2i$v=19$m=4096,t=3,p=1$QFdr5dlT2XH479dDVw+8Ow$ZC5pbzz5YAQzM2OujwAnVHMtdXDrhnZhfzbCw6rYvtQ",true,false,"2022-05-24 23:02:47.891548+05:30","2022-05-24 23:02:47.891548+05:30",,,US,false,false
"00334518-c703-457f-b08d-8cc1a9ab2472",Charley,,Simonis,wniKEy85XzOcgmGCu3BCuWPzToT2,email,Cristian_Schumm83@gmail.com,Cristian_Schumm83@gmail.com,"$argon2i$v=19$m=4096,t=3,p=1$R9sqgwWpIzPTtHze35Y6Ww$+/Vl3mTMr0GAxfBAovRNVwL7heEXqv/9hjXCGTCaE4A",true,false,"2022-05-24 23:02:47.891548+05:30","2022-05-24 23:02:47.891548+05:30",,,US,false,false
f3fe464d-50c0-4a29-a881-ac61f42d3796,Clare,,Zulauf,"2iDV7e7bXndGxzlJDuMGBLoG6Bv2",email,Amaya_Greenholt@yahoo.com,Amaya_Greenholt@yahoo.com,"$argon2i$v=19$m=4096,t=3,p=1$SlTk97LwMg/wlPrG31W2QA$l9j+vgv5AdLoUy2fLRQrpgLcF8CuniXWlmTCPyUI/Ls",true,false,"2022-05-24 23:02:47.891548+05:30","2022-05-24 23:02:47.891548+05:30",,,US,false,false
"1670ae19-50d9-4609-9d41-bf0fd491d169",Estelle,,Hackett,e6DPGJkWDVNyu0OmgVu7B78xzIs1,email,Hermann_Streich91@gmail.com,Hermann_Streich91@gmail.com,"$argon2i$v=19$m=4096,t=3,p=1$7SNvPuaGY0mqiQdsF5Rpsw$UmdcQ/uv6mBI1L8Tp2qHItMOjHUXr7ovSdTUbZLFmpQ",true,false,"2022-05-24 23:02:47.891548+05:30","2022-05-24 23:02:47.891548+05:30",,,US,false,false
"9d287d57-1ef3-45fd-a395-d7e1e1e7742b",Shawna,,Rohan,bmFzzGK1habUP2SUUJVfS9IU8cj2,email,Kaycee.Franey0@yahoo.com,Kaycee.Franey0@yahoo.com,"$argon2i$v=19$m=4096,t=3,p=1$058V83BofqdD0zIXQE3IvQ$kgv6hbJTofc5BaJJBFvaVqpH1ayMWOgODaUmbA4d83s",true,false,"2022-05-24 23:02:47.891548+05:30","2022-05-24 23:02:47.891548+05:30",,,US,false,false
"2d036b35-7205-468d-bb4c-dc790eddc276",Sarai,,Johnston,kKoAtgdEKLgfiAR3wjyTbeerV3G3,email,Millie_Heathcote@hotmail.com,Millie_Heathcote@hotmail.com,"$argon2i$v=19$m=4096,t=3,p=1$KUq3Wsxe1XMaRSt+fq2u2Q$6k9gLbZPqCxHDsSk5TTSgq4JklIMXW3AYWbRTG5bRUY",true,false,"2022-05-24 23:02:47.891548+05:30","2022-05-24 23:02:47.891548+05:30",,,US,false,false
fa392497-dc25-445b-88be-2e7b8eca8a93,Percival,,Rowe,a8T5jYwBjwQv5t6ksQy7DAPF0jn2,email,Ayden.Nikolaus63@gmail.com,Ayden.Nikolaus63@gmail.com,"$argon2i$v=19$m=4096,t=3,p=1$twJAfGHlKlraiS6LcxuvfQ$PN9xsHLZ5kqm3uUSCS6YZumSv2FwuyGw2EnFxYc0Row",true,false,"2022-05-24 23:02:47.891548+05:30","2022-05-24 23:02:47.891548+05:30",,,US,false,false
d512ee85-e3d3-459b-b3b9-7485cb679413,Arely,,Casper,ty2opbpGvCPodtKNy7S2YjoLwMC3,email,Sid97@hotmail.com,Sid97@hotmail.com,"$argon2i$v=19$m=4096,t=3,p=1$+7UGjiRU6bK/xB6Smt9cZg$vKuCAjfKdewjUWBQ7UpRv0SlJnkwutmlQNAy0Skwyo4",true,false,"2022-05-24 23:02:47.891548+05:30","2022-05-24 23:02:47.891548+05:30",,,US,false,false
"9db71768-ff1f-40d7-81d0-da417b04f435",Julien,,Pollich,cmAvRx9N4KePjnCsbP5tjksfoo32,email,Breanna_Kuhn52@hotmail.com,Breanna_Kuhn52@hotmail.com,"$argon2i$v=19$m=4096,t=3,p=1$cpv0+Mybn483Bi0ridPLJA$VzOgU263UI+3O1UxUvnjoan6LKADq54R6a1U8ByWPmk",true,false,"2022-05-25 20:09:54.265484+05:30","2022-05-25 20:09:54.265484+05:30",,,US,false,false
"92457d57-9a89-44cf-88c0-69e1801cdb19",Lolita,,Olson,Quz086JKk2PwTpHReiWSZGzgcDZ2,email,Simeon38@yahoo.com,Simeon38@yahoo.com,"$argon2i$v=19$m=4096,t=3,p=1$08E1ROn6SWbW+EsfeQD8ZA$fTg3FAxZINHLXZssfzZgTWFnVH+nx9QbidXrmo9mWDQ",true,false,"2022-05-25 20:09:54.265484+05:30","2022-05-25 20:09:54.265484+05:30",,,US,false,false
"2a457dfa-a6d3-4625-84be-5bc29195a814",Dena,,Murazik,lnx38NwycVPDxi73CkcihQcAlmG3,email,Austyn_Wuckert93@hotmail.com,Austyn_Wuckert93@hotmail.com,"$argon2i$v=19$m=4096,t=3,p=1$0iEsHlkvRQeWvbS27PRTGg$Ov+04+6fys/QkUrLO+ziDpjpubkgs9I+d4a28qP4p5s",true,false,"2022-05-25 20:09:54.265484+05:30","2022-05-25 20:09:54.265484+05:30",,,US,false,false
"851309de-d1f6-40dd-9390-4e32b153f289",Eino,,Roob,"3nuIaWKW3BZcmlbiAOheVFMV08l1",email,General76@hotmail.com,General76@hotmail.com,"$argon2i$v=19$m=4096,t=3,p=1$wwGZsl5/2/l8UWu7wv63ew$1fLmMSFH/RJ2TOz8A94ZA9yL2lbsKVT1IjWygKHV+U0",true,false,"2022-05-25 20:09:54.265484+05:30","2022-05-25 20:09:54.265484+05:30",,,US,false,false
"227b5232-c1f3-42d5-a343-1761ae64537f",Queenie,,Johns,QuKfiwhx9Rf37FXJXmiP49Ubu8h1,email,Jeffry_VonRueden7@hotmail.com,Jeffry_VonRueden7@hotmail.com,"$argon2i$v=19$m=4096,t=3,p=1$4RR0kyLUukZSdN0pj48WiA$20rR10OS7cXBGYEG/peb+alrkRhkUe50xwKaPRJ1lgc",true,false,"2022-05-25 20:09:54.265484+05:30","2022-05-25 20:09:54.265484+05:30",,,US,false,false
"1725c6fb-abbd-4358-b6b8-2d478af24fb7",Terrence,,Lynch,fukbKOMJdDYaOW4YCC9ANBYwQIH3,email,Sanford.Nienow@gmail.com,Sanford.Nienow@gmail.com,"$argon2i$v=19$m=4096,t=3,p=1$63x1XI5+xzLOTgIRR/iAOw$oq7aBCGpsrLLqIpfyjiectuqwsdYybATt8zwSQmY3rA",true,false,"2022-05-25 20:09:54.265484+05:30","2022-05-25 20:09:54.265484+05:30",,,US,false,false
"98dea189-012e-4a9f-8df8-264b21afb506",Florence,,Terry,oc7gCgZC4OdjEreWJazcR9Sxp7Q2,email,Frederik63@gmail.com,Frederik63@gmail.com,"$argon2i$v=19$m=4096,t=3,p=1$XwjZ42jfsSHLyP/akWYR/g$mGjfMM2VjOF0lgS+rawNQLmnAhoTGbBKILzUe9dhlw8",true,false,"2022-05-25 20:09:54.265484+05:30","2022-05-25 20:09:54.265484+05:30",,,US,false,false
"76e83920-6e47-46ad-a61c-bfc22667aac6",Ellis,,Kiehn,AQCwBHNIUDUA6zauaD9C7RpqUDI2,email,Fabiola.Pfannerstill@yahoo.com,Fabiola.Pfannerstill@yahoo.com,"$argon2i$v=19$m=4096,t=3,p=1$S43uTNafLjhDurrDcmy/rQ$83nMSb8lL0y2j8dl9J5OV7NxvCBuwssTl8GtH1hQIYk",true,false,"2022-05-25 20:09:54.265484+05:30","2022-05-25 20:09:54.265484+05:30",,,US,false,false
"35ea1813-3e85-46b2-9653-4887a9e245e0",Warren,,McLaughlin,AjVKXjx3y8SoeGKiU1zFMBcc4Bz1,email,Katlyn.Gutkowski@gmail.com,Katlyn.Gutkowski@gmail.com,"$argon2i$v=19$m=4096,t=3,p=1$++O341dOp+tCi4zFPMAmhA$62By9zCrYuTMpmIyMmAarAE7+V1PKUOUE0wPNXYuqn8",true,false,"2022-05-25 20:10:46.064937+05:30","2022-05-25 20:10:46.064937+05:30",,,US,false,false
"773c521b-f7c1-4f88-a1ef-e55378b63134",Frederique,,Gislason,"9mB7pxIHUXNnTt1vtHTrr8AYX6J3",email,Kaitlin_Mitchell@hotmail.com,Kaitlin_Mitchell@hotmail.com,"$argon2i$v=19$m=4096,t=3,p=1$PN9oy4y72RUlwtauVQxzsQ$HSaZM3f1OGDaQCsVReajXTdHw+ZRgY8jqiMiV3O0pMs",true,false,"2022-05-25 20:10:46.064937+05:30","2022-05-25 20:10:46.064937+05:30",,,US,false,false
b7aa2add-5863-41ed-a72c-24e93ee3dc7e,Rosendo,,Bogisich,cWbCNWKswNRcXgQQ0LNIjxQ9KjO2,email,Porter38@gmail.com,Porter38@gmail.com,"$argon2i$v=19$m=4096,t=3,p=1$zvvsiM2XZ9O9jrYXTK6tng$mzOrdo1RJ0cEy4pWfPTGOjWyMVU4daMWp6XlOx/+hz4",true,false,"2022-05-25 20:10:46.064937+05:30","2022-05-25 20:10:46.064937+05:30",,,US,false,false
"61d0d0e3-acc1-4c71-9758-173897808952",Cordelia,,McDermott,Jilbed0C0SbvAaap4DFs34A2ERB2,email,Neva40@yahoo.com,Neva40@yahoo.com,"$argon2i$v=19$m=4096,t=3,p=1$l8SSapvj0AvTGDXMKbiSDg$hqKu/ZKPsMNxtNaW3SZzot81gpDardE1ThKHZDnFDaw",true,false,"2022-05-25 20:10:46.064937+05:30","2022-05-25 20:10:46.064937+05:30",,,US,false,false
"43f40982-2d6e-4a6d-a6a8-0f3f6fc7c9c3",Caleb,,Hoppe,"9fVbxC6DYBeNP4kKNtm6LYpQWVp2",email,Scarlett45@hotmail.com,Scarlett45@hotmail.com,"$argon2i$v=19$m=4096,t=3,p=1$4JxSFAKJVysklTTiVs4hhg$o+VjXRLR1SCgXXhocgnh3L+zD8HIDTCiNwun978SEHo",true,false,"2022-05-25 20:10:46.064937+05:30","2022-05-25 20:10:46.064937+05:30",,,US,false,false
f961afef-a58b-421f-a38c-b2cbe49e70a7,Ocie,,Haley,"6rNRZLrQmzeD9Fia0iX9m9MUUfu1",email,Dannie.Weber84@yahoo.com,Dannie.Weber84@yahoo.com,"$argon2i$v=19$m=4096,t=3,p=1$hPT0yNDH7L9o7KtP57Xk0A$345zAjKuQNJXy0JeeKl3C667wxIMJDnuS2xV/DWpBDk",true,false,"2022-05-25 20:10:46.064937+05:30","2022-05-25 20:10:46.064937+05:30",,,US,false,false
"9a19d67f-89c4-4941-a104-7ac1dc84b2c2",Alisha,,Douglas,ourKiI32D2W67Dw8xMjIlXg71RE2,email,Keith.Buckridge@yahoo.com,Keith.Buckridge@yahoo.com,"$argon2i$v=19$m=4096,t=3,p=1$16VTsvCQv/xhnUfkuBAAUQ$1b5I3ynKd2DJeDnIBTRjdnpxlrIdk/mw7C/KPTHQQqA",true,false,"2022-05-25 20:10:46.064937+05:30","2022-05-25 20:10:46.064937+05:30",,,US,false,false
"3ef3908d-21ca-4938-a84a-2235e1712a1f",Carissa,,Kerluke,"7G22CBedw2fYxokisXztbXte8uE2",email,Annabell78@yahoo.com,Annabell78@yahoo.com,"$argon2i$v=19$m=4096,t=3,p=1$Ja17rkCPWi+B3s61xmNowQ$uqH8b7xphtnGD8Nm/iyFCIgDI0U9x+zoffKq+wzX5FA",true,false,"2022-05-25 20:10:46.064937+05:30","2022-05-25 20:10:46.064937+05:30",,,US,false,false
"9ff82b8d-9b78-4be5-a6da-7e90f75035a2",Minnie,,Torp,lioNJxCV5gdBvJ2xb3G0xOqPtA32,email,Jamir_Schmeler@yahoo.com,Jamir_Schmeler@yahoo.com,"$argon2i$v=19$m=4096,t=3,p=1$GjLB/U9PgwgCXuWWkURRDQ$mR8ylARy/zfZkoaW6aIPbo7ECyLldkwuvdLlwVgcbw8",true,false,"2022-05-25 20:10:46.064937+05:30","2022-05-25 20:10:46.064937+05:30",,,US,false,false
"09a9faea-1729-401a-8ba2-c071a1471982",Meaghan,,MacGyver,ZpRmiOVacidvHiRU4cmF3kJsBvf1,email,Glennie94@gmail.com,Glennie94@gmail.com,"$argon2i$v=19$m=4096,t=3,p=1$wc8BxvzeuMQW67YPQd00VQ$n+wWxE2xj8w3WkvYFxV5AotO3LmU2xJj0VYe73VyTiY",true,false,"2022-05-25 20:10:46.064937+05:30","2022-05-25 20:10:46.064937+05:30",,,US,false,false
"3118df5f-1d5a-4a2a-a7d7-79514fba267f",Haven,,Torp,HkDkwQVegsUoqKdxvkLZPBWV7pm2,email,Ronaldo63@gmail.com,Ronaldo63@gmail.com,"$argon2i$v=19$m=4096,t=3,p=1$6EZ7Z9GbnwGKfqrFcVIFdg$xNrKgvakNKY0ruJOPm9uf+80NMWId6+BX7dlbdunoeU",true,false,"2022-05-25 22:52:22.007989+05:30","2022-05-25 22:52:22.007989+05:30",,,US,false,false
cb2fbba4-395d-476f-bab3-bb98ae53eb5b,Cooper,,Graham,zmE8fZ8XBEX9KrkZeCRzV5rtVDn2,email,Ubaldo46@gmail.com,Ubaldo46@gmail.com,"$argon2i$v=19$m=4096,t=3,p=1$2hP069Ai1KCG97nzbjNybg$2OCZGuC5Zj5iFJocDyEZ8WU/DPoss3knXqxkoer/IwY",true,false,"2022-05-25 22:52:22.007989+05:30","2022-05-25 22:52:22.007989+05:30",,,US,false,false
"47aa8ab2-d700-4127-bba6-93e3639e62ca",Lucinda,,Lind,NitnmzDcWeYRuBiv1wvtv8dQzYb2,email,Amie.Yost@gmail.com,Amie.Yost@gmail.com,"$argon2i$v=19$m=4096,t=3,p=1$25dlQnd7F0wy5oXJ0BzDvQ$+IcByG4srWgEcEcKT8BcWTR49ADpABSW2LlXd+vou08",true,false,"2022-05-25 22:52:22.007989+05:30","2022-05-25 22:52:22.007989+05:30",,,US,false,false
df31b62b-d5cd-4124-bc9f-10d888bc8a75,Axel,,Tillman,"5l1no83q9ne3uMoyEwulhld724g2",email,Carli55@yahoo.com,Carli55@yahoo.com,"$argon2i$v=19$m=4096,t=3,p=1$f/e1YRAqfeGrCksrlxrviQ$tHCHj3sqjzi9BoaYDE1ZqNmbngSuPY8yT2tHW1ksVRc",true,false,"2022-05-25 22:52:22.007989+05:30","2022-05-25 22:52:22.007989+05:30",,,US,false,false
"8680d339-ae14-496e-b37f-275c5c52e0c6",Allen,,Douglas,MPNI0EzXgwMP5gE3gKyiTm5jvh42,email,Graciela.Frami84@hotmail.com,Graciela.Frami84@hotmail.com,"$argon2i$v=19$m=4096,t=3,p=1$FFEKxsNs8OITerEcRg9A0A$lRnObDwJ/buglc5yrFrKz4P6IQbD0ZiKg8kxWcCXQig",true,false,"2022-05-25 22:52:22.007989+05:30","2022-05-25 22:52:22.007989+05:30",,,US,false,false
c47d05a3-35de-4c46-8aca-baaa715a6002,Mose,,Effertz,VRcWpZbDLlgo4kbM3RgeNqvROQl2,email,Ed21@hotmail.com,Ed21@hotmail.com,"$argon2i$v=19$m=4096,t=3,p=1$T5sAacJs3ki2orlDXsHqBQ$aIGeMEwHP+Kf9IzVoUOsw4+xfWlALci4tHC9e54kTsY",true,false,"2022-05-25 22:52:22.007989+05:30","2022-05-25 22:52:22.007989+05:30",,,US,false,false
"21155edf-e4e7-4429-9f68-4be1b48a23a2",Tyreek,,Koch,"0A5XnCVAMiOS8QkpwAsrngFxgPV2",email,Joana.Rodriguez56@hotmail.com,Joana.Rodriguez56@hotmail.com,"$argon2i$v=19$m=4096,t=3,p=1$ohnrrUzBUW9QuypqKO5J+g$Fbp+qWuR2axDxne330js2gHww/Dgm13TQarikupAZQk",true,false,"2022-05-25 22:52:22.007989+05:30","2022-05-25 22:52:22.007989+05:30",,,US,false,false
c2ec59ea-16ae-4326-8b28-c829aaf3b057,Tanya,,Purdy,mrTGk5ey4uU0IFwwzJTNxses7gE2,email,Crystel_Sipes17@hotmail.com,Crystel_Sipes17@hotmail.com,"$argon2i$v=19$m=4096,t=3,p=1$IdwSrC+BiNauE7eRpOY6vQ$obHbbDWjHLu4xkq7Ri7Dd806d+GOGkKuUjDtq2x0gz8",true,false,"2022-05-25 22:52:22.007989+05:30","2022-05-25 22:52:22.007989+05:30",,,US,false,false
"24269097-0006-4381-9732-5a392a774253",Helena,,Littel,K4eolzBOwoTzp47s1W2gVhUGHzI3,email,Delfina_Ratke@yahoo.com,Delfina_Ratke@yahoo.com,"$argon2i$v=19$m=4096,t=3,p=1$4nOgaMZ/jTupJTCZWi3rmQ$t5K4Nz68KgA8KkVvWEqJl3w7y1INJ1gfI9Cb69A3tJo",true,false,"2022-05-25 20:09:54.265484+05:30","2022-05-25 20:09:54.265484+05:30",,Draft Kings/Caesar,US,false,false
"5821ed4f-c7e8-4c36-9525-86e1abc96b97",Hipolito,,Dietrich,CCK3YeV5vNY1RD80MyQbXvmGSS53,email,Sierra.Kozey92@gmail.com,Sierra.Kozey92@gmail.com,"$argon2i$v=19$m=4096,t=3,p=1$ZnIBLi/Tm34TclykkOHm/g$30UlBYHLHxxA6Z+cEOEi22EYqDa+3qxe/7BYlm6PSbY",true,false,"2022-05-25 22:52:59.893388+05:30","2022-05-25 22:52:59.893388+05:30",,,US,false,false
cee45ca9-f55a-4644-8f1b-0946c69bec51,Adrian,,Leannon,fxSdvZuQ4aZ1iyQ7NgzGftoUx853,email,Colt.Friesen@gmail.com,Colt.Friesen@gmail.com,"$argon2i$v=19$m=4096,t=3,p=1$aZtm6G7vNlXUtK1F70DEVw$hmf1wpjM4iSmpEyi9taaE0aebnWdrupLQbbqF7JirGc",true,false,"2022-05-25 22:52:59.893388+05:30","2022-05-25 22:52:59.893388+05:30",,,US,false,false
"6c669dbe-3652-4d3e-a5e7-8994eab34fae",Sandy,,Leannon,mnja1b2HvhUBJpWQAaiA9kwzbqr2,email,Alan35@yahoo.com,Alan35@yahoo.com,"$argon2i$v=19$m=4096,t=3,p=1$Sw4Hn8bxu9rEhhviqAdIAQ$JBfXaNS32PCXsVQN/cBhqgxF4kNHgMF79WE227PdvLo",true,false,"2022-05-25 22:52:59.893388+05:30","2022-05-25 22:52:59.893388+05:30",,,US,false,false
c8c927d6-2e23-4769-8110-dd12b560358a,Cory,,Goldner,whGOwFfU1AcEfw5Ly5p39nhvuNJ3,email,Kolby63@hotmail.com,Kolby63@hotmail.com,"$argon2i$v=19$m=4096,t=3,p=1$6Rk76wCmahhGVtrN5g5khQ$K5rgjMeP8OTw1hUkpMgIWQFdpfrkAKtI0tbcr1V0EYI",true,false,"2022-05-25 22:52:59.893388+05:30","2022-05-25 22:52:59.893388+05:30",,,US,false,false
"2d6fb578-eb6f-4d3f-8b1f-6d047f84b36b",Emelie,,Labadie,G0942V8Rs7ZIRdWkv4T7sUaumEW2,email,Deron.Heller77@gmail.com,Deron.Heller77@gmail.com,"$argon2i$v=19$m=4096,t=3,p=1$HWUchn08nd1n359hC8eNNw$om2FCABJIgzjZTvSKDzQm7abrDtVmWuqTZPfYPvBes4",true,false,"2022-05-25 22:52:59.893388+05:30","2022-05-25 22:52:59.893388+05:30",,,US,false,false
"757060e6-5aa1-4874-95c2-cbc057f6d393",Sadye,,Lang,JwM2ry9o3RQbzgmwMb0FPBgSfYt2,email,Roel8@gmail.com,Roel8@gmail.com,"$argon2i$v=19$m=4096,t=3,p=1$1ebCI29nTB9i8HmEx2bRrQ$MX9iDSD2bq4RUt9XN+MOSz8g1UPlgMLSoECYpfu1Xas",true,false,"2022-05-25 22:52:59.893388+05:30","2022-05-25 22:52:59.893388+05:30",,,US,false,false
bf282142-181e-4e58-9147-19b13a612790,Mohammed,,Raynor,pFPFC78QEeOmFsKfxWcYy54zNI92,email,Aleen.Lueilwitz17@hotmail.com,Aleen.Lueilwitz17@hotmail.com,"$argon2i$v=19$m=4096,t=3,p=1$2aVWYVnF4igHfNmeHDZFag$tyairfZNxN5ZZvUuPZ5yQ7ppfwy1u6udyAeJ4+tn4Fk",true,false,"2022-05-25 22:52:59.893388+05:30","2022-05-25 22:52:59.893388+05:30",,,US,false,false
"84d3b185-1930-49ca-995c-75c08acc72cc",Zane,,Davis,FaGDEhnbYDPmC4USa0QJ9aL8w012,email,Kirk.Reichert0@hotmail.com,Kirk.Reichert0@hotmail.com,"$argon2i$v=19$m=4096,t=3,p=1$fJPmWnAlfPuqJL/IRxQO/Q$+JIjNUZpja5FTYXuSmkd7sGg04KCXiIlWhU8jAJRexY",true,false,"2022-05-25 22:52:59.893388+05:30","2022-05-25 22:52:59.893388+05:30",,,US,false,false
c98dfd72-f708-4ae3-b095-991857a9e982,Louie,,Nitzsche,tIFiInExhNSBPDLMk3U4mzTQXCa2,email,Kristopher_Gusikowski@hotmail.com,Kristopher_Gusikowski@hotmail.com,"$argon2i$v=19$m=4096,t=3,p=1$Kk62DRT/4O9nn9rgmMTsNQ$ZYQSUUvOzLS0LocWjiYXcMtgDipsgVk0ayGXKv9Jaiw",true,false,"2022-05-25 22:52:59.893388+05:30","2022-05-25 22:52:59.893388+05:30",,,US,false,false
"3fb3045a-9f84-4f27-808f-2113902646c4",Wendell,,Miller,Kj8JwsX4hIhE2AnONUPsfcCCL9B3,email,Cassandra18@hotmail.com,Cassandra18@hotmail.com,"$argon2i$v=19$m=4096,t=3,p=1$TDyDXEZI3Gkebt6zTLWA2Q$iE3jo+VKFcKRdPosELAVY/nvt11ZWI3keaV5G91Z+rY",true,false,"2022-05-25 22:52:59.893388+05:30","2022-05-25 22:52:59.893388+05:30",,,US,false,false
"26e63ba1-fde4-40ea-a988-2e678704e773",US,,Integrity,ZWkC4RO9Qieee0OAg9yDwa0rHqM2,email,Shaun_Leannon96@hotmail.com,Shaun_Leannon96@hotmail.com,"$argon2i$v=19$m=4096,t=3,p=1$h3AGUiGDl5AYsH3hUHa7bw$ztT2xWhDuRPROj4Po5KgFnvgDbsVxWsWX9wJn1Fvh4k",true,false,"2022-05-25 20:09:54.265484+05:30","2022-05-25 20:09:54.265484+05:30",,US Integrity,US,false,false
"07010c43-2159-4160-b0e8-9cd391b2543c",Test,,User,ijLtkd3Dkthk3LZPupjRZzzpF9b2,email,testUser@zeroFlucs.com,testUser@zeroFlucs.com,"$argon2id$v=19$m=65536,t=3,p=4$KNiXgCBgcoCT3TSDumOiAA$xokCuGCe8yCThmUWrHV+RWVoBoODtO3Pz6cCPWwZFPM",true,false,"2023-01-12 12:39:49.280789+05:30","2023-01-12 12:39:49.280789+05:30",,,US,false,false
"5ca5769f-bc03-47bb-9eac-6456a8187ff8",Mark,,Camilleri,"0jQYfShHYzO5hFjawdsBoKJK4um1",email,mark.camilleri@usintegrity.com,mark.camilleri@usintegrity.com,"$argon2id$v=19$m=65536,t=3,p=4$wJu0xIm8mwWxCcKRCZoZkg$6cAY0cIjhyc+SCU+UtPQeNH6JpcWjPhrvnLIOXEjUDw",true,false,"2023-01-12 12:39:49.280789+05:30","2023-01-12 12:39:49.280789+05:30",+918830669189,,US,false,false
de04f066-ef09-459e-a3fd-4ea855594486,Jared,,Breitenberg,bF63uBqdTtaLoQxHa3cdqEVXhza2,email,client@gmail.com,client@gmail.com,"$argon2i$v=19$m=4096,t=3,p=1$i8rvG0z7IVe2NUSIr+a9bQ$V5md/eOC8OSdY8Jh4bSQ50QfEtrOFnM+ipPV2TXqPRw",true,false,"2022-05-08 19:12:57.58161+05:30","2022-05-08 19:12:57.58161+05:30",+15163819742,,US,false,false
"323724d5-af43-4755-a883-7f2d5509948a",Terrence,,Christiansen,z7YPW6sQ0uMlR9KfjyfknbyWFYE2,email,Lily_Rath75@yahoo.com,Lily_Rath75@yahoo.com,"$argon2i$v=19$m=4096,t=3,p=1$e/JCsG+6RHELaLl1X88iiQ$lMXx70256Lx4rfgltfKAoqWW4dg5P6Xip7aEZ1gajlY",true,false,"2022-05-25 22:52:22.007989+05:30","2022-05-25 22:52:22.007989+05:30",,Caesar,US,false,false
"62638b35-e6f3-470e-83b1-52f1c4fc17eb",Elnora,,Hand,Pivh6SbAUtgU8uZK2ktcjRGE5d22,email,Dana84@yahoo.com,Dana84@yahoo.com,"$argon2i$v=19$m=4096,t=3,p=1$8gTwr7G0niUXUDpl3CVGZQ$2xtxwcCHmzvObuohhHYrgOxAuweWuhY+O1oJHt49NG8",true,false,"2022-05-25 22:52:22.007989+05:30","2022-05-25 22:52:22.007989+05:30",,Draft Kings,US,false,false
"76c898bc-de07-4b7b-be11-27abc3fc07d4",Verdie,,Hirthe,"80lGoByrBzScgId4qDl5qxyJeBn1",email,Jamel_Sauer92@gmail.com,Jamel_Sauer92@gmail.com,"$argon2i$v=19$m=4096,t=3,p=1$BgnrvS9GquOaiLbp2OhuVA$uFmc8EBAM+E/l2/lniOw7E6/RL4b2Ds3wQX3H682M/w",true,false,"2022-05-18 00:23:54.388038+05:30","2022-05-18 00:23:54.388038+05:30",,,US,false,false
